id,テーマ名,性別,スタイルの強さ,目的地,状況,表情,服装,服装Ex,ポーズ,背景,角度
1,山【縦型】,すべて,,,,,,,,,
2,山,すべて,,,,,,,,,
3,神社,すべて,,,Yes,,Yes,,,Yes,Yes
4,アライグマ,すべて,,,,Yes,,,,Yes,
5,制服,すべて,,,,Yes,Yes,,,Yes,
6,大都市,すべて,Uncertain,Uncertain,Uncertain,Uncertain,Uncertain,Uncertain,Uncertain,Uncertain,
7,ギフト,女性,Uncertain,Uncertain,Uncertain,Uncertain,Uncertain,Uncertain,Uncertain,Uncertain,
8,写真家,すべて,Uncertain,Uncertain,Uncertain,Uncertain,Uncertain,Uncertain,Uncertain,Uncertain,
9,結婚式,女性,Uncertain,Uncertain,Uncertain,Uncertain,Uncertain,Uncertain,Uncertain,Uncertain,
10,にゃんにゃんぽーず,女性,Uncertain,Uncertain,Uncertain,Uncertain,Uncertain,Uncertain,Uncertain,Uncertain,
11,理系,すべて,Uncertain,Uncertain,Uncertain,Uncertain,Uncertain,Uncertain,Uncertain,Uncertain,
12,敬礼,女性,Uncertain,Uncertain,Uncertain,Uncertain,Uncertain,Uncertain,Uncertain,Uncertain,
13,古代遺跡,すべて,Uncertain,Uncertain,Uncertain,Uncertain,Uncertain,Uncertain,Uncertain,Uncertain,
14,雪国温泉,すべて,Uncertain,Uncertain,Uncertain,Uncertain,Uncertain,Uncertain,Uncertain,Uncertain,
15,春の温泉,すべて,Uncertain,Uncertain,Uncertain,Uncertain,Uncertain,Uncertain,Uncertain,Uncertain,
16,森林,すべて,Uncertain,Uncertain,Uncertain,Uncertain,Uncertain,Uncertain,Uncertain,Uncertain,
17,夏の温泉,すべて,Uncertain,Uncertain,Uncertain,Uncertain,Uncertain,Uncertain,Uncertain,Uncertain,
18,秋の温泉,すべて,Uncertain,Uncertain,Uncertain,Uncertain,Uncertain,Uncertain,Uncertain,Uncertain,
19,宮殿の庭,女性,Uncertain,Uncertain,Uncertain,Uncertain,Uncertain,Uncertain,Uncertain,Uncertain,
20,宮殿の庭,男性,Uncertain,Uncertain,Uncertain,Uncertain,Uncertain,Uncertain,Uncertain,Uncertain,
21,王の間,男性,Uncertain,Uncertain,Uncertain,Uncertain,Uncertain,Uncertain,Uncertain,Uncertain,
22,女王への謁見,女性,Uncertain,Uncertain,Uncertain,Uncertain,Uncertain,Uncertain,Uncertain,Uncertain,
23,クノイチ,女性,Uncertain,Uncertain,Uncertain,Uncertain,Uncertain,Uncertain,Uncertain,Uncertain,
24,着物,女性,Uncertain,Uncertain,Uncertain,Uncertain,Uncertain,Uncertain,Uncertain,Uncertain,
25,サンタコス,女性,Uncertain,Uncertain,Uncertain,Uncertain,Uncertain,Uncertain,Uncertain,Uncertain,
26,チャイナドレス,女性,Uncertain,Uncertain,Uncertain,Uncertain,Uncertain,Uncertain,Uncertain,Uncertain,
27,メイドさん,女性,Uncertain,Uncertain,Uncertain,Uncertain,Uncertain,Uncertain,Uncertain,Uncertain,
28,妖精さん,女性,Uncertain,Uncertain,Uncertain,Uncertain,Uncertain,Uncertain,Uncertain,Uncertain,
29,妖精くん,男性,Uncertain,Uncertain,Uncertain,Uncertain,Uncertain,Uncertain,Uncertain,Uncertain,
30,天使ちゃん,女性,Uncertain,Uncertain,Uncertain,Uncertain,Uncertain,Uncertain,Uncertain,Uncertain,
31,ピクセルアート,すべて,Yes,,,,,,,,
32,幻想城郭,すべて,Uncertain,Uncertain,Uncertain,Uncertain,Uncertain,Uncertain,Uncertain,Uncertain,
33,日本の城,すべて,Uncertain,Uncertain,Uncertain,Uncertain,Uncertain,Uncertain,Uncertain,Uncertain,
34,パステル調,すべて,Yes,,,,,,,,Yes
35,スケッチ風,すべて,Yes,,,,,,,,Yes
36,色鉛筆風,すべて,Yes,,,,,,,,Yes
37,マーカーペン風,すべて,Yes,,,,,,,,Yes
38,水彩画風,すべて,Yes,,,,,,,,Yes
39,アニメ風,すべて,Yes,,,,,,,,Yes
40,油絵風,すべて,Yes,,,,,,,,Yes
41,カラーマンガ風,すべて,Yes,,,,,,,,Yes
42,90年代アニメ風,すべて,Yes,,,,,,,,Yes
43,アクリル絵の具風,すべて,Yes,,,,,,,,Yes
44,水墨画風,すべて,Yes,,,,,,,,Yes
45,タロットカード風,すべて,Yes,,,,,,,,Yes
46,魔法少女,女性,Uncertain,Uncertain,Uncertain,Uncertain,Uncertain,Uncertain,Uncertain,Uncertain,
47,東洋の踊り子,女性,Uncertain,Uncertain,Uncertain,Uncertain,Uncertain,Uncertain,Uncertain,Uncertain,
48,魔女,女性,Uncertain,Uncertain,Uncertain,Uncertain,Uncertain,Uncertain,Uncertain,Uncertain,
49,花のイラスト,すべて,Uncertain,Uncertain,Uncertain,Uncertain,Uncertain,Uncertain,Uncertain,Uncertain,
50,雑誌の表紙,すべて,Uncertain,Uncertain,Uncertain,Uncertain,Uncertain,Uncertain,Uncertain,Uncertain,
51,くだものかご,すべて,Uncertain,Uncertain,Uncertain,Uncertain,Uncertain,Uncertain,Uncertain,Uncertain,
52,くだもの狩り,すべて,Uncertain,Uncertain,Uncertain,Uncertain,Uncertain,Uncertain,Uncertain,Uncertain,
53,相棒,すべて,Uncertain,Uncertain,Uncertain,Uncertain,Uncertain,Uncertain,Uncertain,Uncertain,
54,おうちデート,女性,Uncertain,Uncertain,Uncertain,Uncertain,Uncertain,Uncertain,Uncertain,Uncertain,
55,フラットカラー,すべて,Yes,,,,,,,,
56,ポップなスタイル,すべて,Yes,,,,,,,,
57,お出かけデート,女性,Uncertain,Uncertain,Uncertain,Uncertain,Uncertain,Uncertain,Uncertain,Uncertain,
58,ちびキャラ,すべて,Uncertain,Uncertain,Uncertain,Uncertain,Uncertain,Uncertain,Uncertain,Uncertain,
59,電脳世界,女性,Uncertain,Uncertain,Uncertain,Uncertain,Uncertain,Uncertain,Uncertain,Uncertain,
60,電脳世界,男性,Uncertain,Uncertain,Uncertain,Uncertain,Uncertain,Uncertain,Uncertain,Uncertain,
61,トレカ風,すべて,,,,Yes,,,,,
62,看護師,女性,Uncertain,Uncertain,Uncertain,Uncertain,Uncertain,Uncertain,Uncertain,Uncertain,
63,橋の上で花火,すべて,Uncertain,Uncertain,Uncertain,Uncertain,Uncertain,Uncertain,Uncertain,Uncertain,
64,レーシングカートでGO!!,すべて,Uncertain,Uncertain,Uncertain,Uncertain,Uncertain,Uncertain,Uncertain,Uncertain,
65,ロイヤルカートでおさんぽ,すべて,Uncertain,Uncertain,Uncertain,Uncertain,Uncertain,Uncertain,Uncertain,Uncertain,
66,それゆけ!ショッピングカート,すべて,Uncertain,Uncertain,Uncertain,Uncertain,Uncertain,Uncertain,Uncertain,Uncertain,
67,魚眼レンズ,すべて,Uncertain,Uncertain,Uncertain,Uncertain,Uncertain,Uncertain,Uncertain,Uncertain,
68,立ち絵,すべて,Uncertain,Uncertain,Uncertain,Uncertain,Uncertain,Uncertain,Uncertain,Uncertain,
69,Twitter用のヘッダー,すべて,Uncertain,Uncertain,Uncertain,Uncertain,Uncertain,Uncertain,Uncertain,Uncertain,
70,メカ娘,すべて,Uncertain,Uncertain,Uncertain,Uncertain,Uncertain,Uncertain,Uncertain,Uncertain,
71,お花見,すべて,Uncertain,Uncertain,Uncertain,Uncertain,Uncertain,Uncertain,Uncertain,Uncertain,
72,野球,すべて,Uncertain,Uncertain,Uncertain,Uncertain,Uncertain,Uncertain,Uncertain,Uncertain,
73,フラクタルアート,すべて,Yes,,,,,,,,
74,蝶,すべて,Uncertain,Uncertain,Uncertain,Uncertain,Uncertain,Uncertain,Uncertain,Uncertain,
75,薔薇,すべて,Uncertain,Uncertain,Uncertain,Uncertain,Uncertain,Uncertain,Uncertain,Uncertain,
76,フラワー,すべて,Uncertain,Uncertain,Uncertain,Uncertain,Uncertain,Uncertain,Uncertain,Uncertain,
77,闇落ちフラワー,すべて,Uncertain,Uncertain,Uncertain,Uncertain,Uncertain,Uncertain,Uncertain,Uncertain,
78,ヴァンパイア,すべて,Uncertain,Uncertain,Uncertain,Uncertain,Uncertain,Uncertain,Uncertain,Uncertain,
79,ギャルゲー風,すべて,Yes,,,,,,,,
80,アメコミ風,すべて,Yes,,,,,,,,
81,宇宙飛行士,すべて,Uncertain,Uncertain,Uncertain,Uncertain,Uncertain,Uncertain,Uncertain,Uncertain,
82,美しい横顔,すべて,Uncertain,Uncertain,Uncertain,Uncertain,Uncertain,Uncertain,Uncertain,Uncertain,
83,架空のカレンダー,すべて,Uncertain,Uncertain,Uncertain,Uncertain,Uncertain,Uncertain,Uncertain,Uncertain,
84,舞い散る羽根,すべて,Uncertain,Uncertain,Uncertain,Uncertain,Uncertain,Uncertain,Uncertain,Uncertain,
85,焔,すべて,Uncertain,Uncertain,Uncertain,Uncertain,Uncertain,Uncertain,Uncertain,Uncertain,
86,かわいいキューブ,すべて,Uncertain,Uncertain,Uncertain,Uncertain,Uncertain,Uncertain,Uncertain,Uncertain,
87,額縁,すべて,Yes,,,,,,,,
88,スポーツ,すべて,Uncertain,Uncertain,Uncertain,Uncertain,Uncertain,Uncertain,Uncertain,Uncertain,
89,スポーツ2,すべて,Uncertain,Uncertain,Uncertain,Uncertain,Uncertain,Uncertain,Uncertain,Uncertain,
90,頬をつねる,すべて,Uncertain,Uncertain,Uncertain,Uncertain,Uncertain,Uncertain,Uncertain,Uncertain,
91,ミュージシャン,すべて,Uncertain,Uncertain,Uncertain,Uncertain,Uncertain,Uncertain,Uncertain,Uncertain,
92,サッカーの試合,すべて,Uncertain,Uncertain,Uncertain,Uncertain,Uncertain,Uncertain,Uncertain,Uncertain,
93,落ち葉,すべて,Uncertain,Uncertain,Uncertain,Uncertain,Uncertain,Uncertain,Uncertain,Uncertain,
94,バニーガール,女性,Uncertain,Uncertain,Uncertain,Uncertain,Uncertain,Uncertain,Uncertain,Uncertain,
95,ミニスカポリス,女性,Uncertain,Uncertain,Uncertain,Uncertain,Uncertain,Uncertain,Uncertain,Uncertain,
96,名探偵,すべて,Uncertain,Uncertain,Uncertain,Uncertain,Uncertain,Uncertain,Uncertain,Uncertain,
97,女海賊,女性,Uncertain,Uncertain,Uncertain,Uncertain,Uncertain,Uncertain,Uncertain,Uncertain,
98,サメ娘,すべて,Uncertain,Uncertain,Uncertain,Uncertain,Uncertain,Uncertain,Uncertain,Uncertain,
99,設定集,すべて,Uncertain,Uncertain,Uncertain,Uncertain,Uncertain,Uncertain,Uncertain,Uncertain,
100,セーラー服,女性,Uncertain,Uncertain,Uncertain,Uncertain,Uncertain,Uncertain,Uncertain,Uncertain,
101,アイドル,女性,Uncertain,Uncertain,Uncertain,Uncertain,Uncertain,Uncertain,Uncertain,Uncertain,
102,OL,女性,Uncertain,Uncertain,Uncertain,Uncertain,Uncertain,Uncertain,Uncertain,Uncertain,
103,赤ずきんちゃん,女性,Uncertain,Uncertain,Uncertain,Uncertain,Uncertain,Uncertain,Uncertain,Uncertain,
104,チアガール,女性,Uncertain,Uncertain,Uncertain,Uncertain,Uncertain,Uncertain,Uncertain,Uncertain,
105,おやすみ～,すべて,Uncertain,Uncertain,Uncertain,Uncertain,Uncertain,Uncertain,Uncertain,Uncertain,
106,ゴスロリ,すべて,Uncertain,Uncertain,Uncertain,Uncertain,Uncertain,Uncertain,Uncertain,Uncertain,
107,シスター,すべて,Uncertain,Uncertain,Uncertain,Uncertain,Uncertain,Uncertain,Uncertain,Uncertain,
108,七夕,すべて,Uncertain,Uncertain,Uncertain,Uncertain,Uncertain,Uncertain,Uncertain,Uncertain,
109,天の川,すべて,Uncertain,Uncertain,Uncertain,Uncertain,Uncertain,Uncertain,Uncertain,Uncertain,
110,画面の中に…,すべて,Uncertain,Uncertain,Uncertain,Uncertain,Uncertain,Uncertain,Uncertain,Uncertain,
111,ひまわり畑,女性,Uncertain,Uncertain,Uncertain,Uncertain,Uncertain,Uncertain,Uncertain,Uncertain,
112,ナイトプール,女性,Uncertain,Uncertain,Uncertain,Uncertain,Uncertain,Uncertain,Uncertain,Uncertain,
113,ビーチ,女性,Uncertain,Uncertain,Uncertain,Uncertain,Uncertain,Uncertain,Uncertain,Uncertain,
114,軍服,すべて,Uncertain,Uncertain,Uncertain,Uncertain,Uncertain,Uncertain,Uncertain,Uncertain,
115,アール・ヌーボー,すべて,Yes,,,,,,,,
116,明治・大正スタイル,女性,Uncertain,Uncertain,Uncertain,Uncertain,Uncertain,Uncertain,Uncertain,Uncertain,
117,動物の着ぐるみ,すべて,Uncertain,Uncertain,Uncertain,Uncertain,Uncertain,Uncertain,Uncertain,Uncertain,
118,店員さん,すべて,Uncertain,Uncertain,Uncertain,Uncertain,Uncertain,Uncertain,Uncertain,Uncertain,
119,ジャージ,すべて,Uncertain,Uncertain,Uncertain,Uncertain,Uncertain,Uncertain,Uncertain,Uncertain,
120,夏コーデ,女性,Uncertain,Uncertain,Uncertain,Uncertain,Uncertain,Uncertain,Uncertain,Uncertain,
121,ドレスコーデ,女性,Uncertain,Uncertain,Uncertain,Uncertain,Uncertain,Uncertain,Uncertain,Uncertain,
122,パーティー,女性,Uncertain,Uncertain,Uncertain,Uncertain,Uncertain,Uncertain,Uncertain,Uncertain,
123,神父さま,すべて,Uncertain,Uncertain,Uncertain,Uncertain,Uncertain,Uncertain,Uncertain,Uncertain,
124,アニメ風壁紙,すべて,Yes,,,,,,,,Yes
125,悪魔っ娘,女性,Uncertain,Uncertain,Uncertain,Uncertain,Uncertain,Uncertain,Uncertain,Uncertain,
126,ディアンドル,女性,Uncertain,Uncertain,Uncertain,Uncertain,Uncertain,Uncertain,Uncertain,Uncertain,
127,砂漠の民,すべて,Uncertain,Uncertain,Uncertain,Uncertain,Uncertain,Uncertain,Uncertain,Uncertain,
128,韓服,すべて,Uncertain,Uncertain,Uncertain,Uncertain,Uncertain,Uncertain,Uncertain,Uncertain,
129,秋の制服,女性,Uncertain,Uncertain,Uncertain,Uncertain,Uncertain,Uncertain,Uncertain,Uncertain,
130,秋の制服,男性,Uncertain,Uncertain,Uncertain,Uncertain,Uncertain,Uncertain,Uncertain,Uncertain,
131,トリックスター,すべて,Uncertain,Uncertain,Uncertain,Uncertain,Uncertain,Uncertain,Uncertain,Uncertain,
132,タートルネックセーター,女性,Uncertain,Uncertain,Uncertain,Uncertain,Uncertain,Uncertain,Uncertain,Uncertain,
133,モンスター,すべて,Uncertain,Uncertain,Uncertain,Uncertain,Uncertain,Uncertain,Uncertain,Uncertain,
134,ハッピーハロウィン,女性,Uncertain,Uncertain,Uncertain,Uncertain,Uncertain,Uncertain,Uncertain,Uncertain,
135,ハッピーハロウィン2,女性,Uncertain,Uncertain,Uncertain,Uncertain,Uncertain,Uncertain,Uncertain,Uncertain,
136,ハッピーハロウィン3,女性,Uncertain,Uncertain,Uncertain,Uncertain,Uncertain,Uncertain,Uncertain,Uncertain,
137,ゾンビパニック,女性,Uncertain,Uncertain,Uncertain,Uncertain,Uncertain,Uncertain,Uncertain,Uncertain,
138,ハッピーハロウィン4,すべて,Uncertain,Uncertain,Uncertain,Uncertain,Uncertain,Uncertain,Uncertain,Uncertain,
139,幽霊ゆらゆら,女性,Uncertain,Uncertain,Uncertain,Uncertain,Uncertain,Uncertain,Uncertain,Uncertain,
140,地雷系ファッション,女性,Uncertain,Uncertain,Uncertain,Uncertain,Uncertain,Uncertain,Uncertain,Uncertain,
141,カウボーイ,すべて,Uncertain,Uncertain,Uncertain,Uncertain,Uncertain,Uncertain,Uncertain,Uncertain,
142,アンドロイドの物語,すべて,Uncertain,Uncertain,Uncertain,Uncertain,Uncertain,Uncertain,Uncertain,Uncertain,
143,冒険者,すべて,Uncertain,Uncertain,Uncertain,Uncertain,Uncertain,Uncertain,Uncertain,Uncertain,
144,屋上での告白,女性,Uncertain,Uncertain,Uncertain,Uncertain,Uncertain,Uncertain,Uncertain,Uncertain,
145,スチームパンク風,すべて,Uncertain,Uncertain,Uncertain,Uncertain,Uncertain,Uncertain,Uncertain,Uncertain,
146,ネグリジェ,女性,Uncertain,Uncertain,Uncertain,Uncertain,Uncertain,Uncertain,Uncertain,Uncertain,
147,森ガール,女性,Uncertain,Uncertain,Uncertain,Uncertain,Uncertain,Uncertain,Uncertain,Uncertain,
148,中華風ロリータ,女性,Uncertain,Uncertain,Uncertain,Uncertain,Uncertain,Uncertain,Uncertain,Uncertain,
149,彼シャツ,女性,Uncertain,Uncertain,Uncertain,Uncertain,Uncertain,Uncertain,Uncertain,Uncertain,
150,男性アイドル,男性,Uncertain,Uncertain,Uncertain,Uncertain,Uncertain,Uncertain,Uncertain,Uncertain,
151,不思議の国のアリス,女性,Uncertain,Uncertain,Uncertain,Uncertain,Uncertain,Uncertain,Uncertain,Uncertain,
152,聖夜の贈り物,女性,Uncertain,Uncertain,Uncertain,Uncertain,Uncertain,Uncertain,Uncertain,Uncertain,
153,冬の制服,すべて,Uncertain,Uncertain,Uncertain,Uncertain,Uncertain,Uncertain,Uncertain,Uncertain,
154,あけおめ！,女性,Uncertain,Uncertain,Uncertain,Uncertain,Uncertain,Uncertain,Uncertain,Uncertain,
155,龍姫,女性,Uncertain,Uncertain,Uncertain,Uncertain,Uncertain,Uncertain,Uncertain,Uncertain,
156,グレースケール,すべて,,,,,,,,,
157,天狗,すべて,Uncertain,Uncertain,Uncertain,Uncertain,Uncertain,Uncertain,Uncertain,Uncertain,
158,和風メイドさん,女性,Uncertain,Uncertain,Uncertain,Uncertain,Uncertain,Uncertain,Uncertain,Uncertain,
159,タキシード,すべて,Uncertain,Uncertain,Uncertain,Uncertain,Uncertain,Uncertain,Uncertain,Uncertain,
160,バレンタインデー,女性,Uncertain,Uncertain,Uncertain,Uncertain,Uncertain,Uncertain,Uncertain,Uncertain,
161,春節・旧正月,すべて,Uncertain,Uncertain,Uncertain,Uncertain,Uncertain,Uncertain,Uncertain,Uncertain,
162,雪山,すべて,Uncertain,Uncertain,Uncertain,Uncertain,Uncertain,Uncertain,Uncertain,Uncertain,
163,パリ,すべて,Uncertain,Uncertain,Uncertain,Uncertain,Uncertain,Uncertain,Uncertain,Uncertain,
164,ホワイトデー,すべて,Uncertain,Uncertain,Uncertain,Uncertain,Uncertain,Uncertain,Uncertain,Uncertain,
165,ワールドツアー1:北ヨーロッパ,すべて,Uncertain,Uncertain,Uncertain,Uncertain,Uncertain,Uncertain,Uncertain,Uncertain,
166,スタジャンコーデ,すべて,Uncertain,Uncertain,Uncertain,Uncertain,Uncertain,Uncertain,Uncertain,Uncertain,
167,ハッピーイースター,女性,Uncertain,Uncertain,Uncertain,Uncertain,Uncertain,Uncertain,Uncertain,Uncertain,
168,セピアな思い出,すべて,Yes,,,,,,,,
169,メイド風バニー,女性,Uncertain,Uncertain,Uncertain,Uncertain,Uncertain,Uncertain,Uncertain,Uncertain,
170,和ゴス,女性,Uncertain,Uncertain,Uncertain,Uncertain,Uncertain,Uncertain,Uncertain,Uncertain,
171,キャビンアテンダント,女性,Uncertain,Uncertain,Uncertain,Uncertain,Uncertain,Uncertain,Uncertain,Uncertain,
172,ワールドツアー2:西ヨーロッパ,すべて,Uncertain,Uncertain,Uncertain,Uncertain,Uncertain,Uncertain,Uncertain,Uncertain,
173,ルームウェア,女性,Uncertain,Uncertain,Uncertain,Uncertain,Uncertain,Uncertain,Uncertain,Uncertain,
174,セーラー水着,女性,Uncertain,Uncertain,Uncertain,Uncertain,Uncertain,Uncertain,Uncertain,Uncertain,
175,トイレの花子さん,女性,Uncertain,Uncertain,Uncertain,Uncertain,Uncertain,Uncertain,Uncertain,Uncertain,
176,工場夜景,すべて,Uncertain,Uncertain,Uncertain,Uncertain,Uncertain,Uncertain,Uncertain,Uncertain,
177,姫騎士,女性,Uncertain,Uncertain,Uncertain,Uncertain,Uncertain,Uncertain,Uncertain,Uncertain,
178,女従者,女性,Uncertain,Uncertain,Uncertain,Uncertain,Uncertain,Uncertain,Uncertain,Uncertain,
179,雪の国の臣民,すべて,Uncertain,Uncertain,Uncertain,Uncertain,Uncertain,Uncertain,Uncertain,Uncertain,
180,表情チャレンジ,すべて,,,,Yes,,,,,
181,表情チャレンジ2,すべて,,,,Yes,,,,,
182,水彩スケッチ,すべて,Yes,,,,,,,,
183,70年代セーラー服,女性,,,,Yes,,Yes,Yes,Yes,
184,漢服,すべて,,,,Yes,,,Yes,Yes,
185,サイバーパンク風ゴスロリ,女性,,,,Yes,,,Yes,Yes,
186,ユニコーンガール,女性,,,,Yes,,,Yes,,
187,ミリタリーナース,女性,,,,Yes,,,Yes,Yes,
188,スチームパンクフェアリー,女性,,,,Yes,,,Yes,,
189,堕天使,女性,,,,Yes,,,Yes,Yes,
190,堕天使,男性,,,,Yes,,,Yes,Yes,
191,ストリート系ファッション,女性,,,,Yes,,Yes,Yes,Yes,
192,ワールドツアー3:南ヨーロッパ,すべて,,Yes,Yes,Yes,Yes,,,,
193,ドリアード,女性,,,,Yes,,,Yes,Yes,
194,アラブの王,男性,,,,Yes,,,Yes,Yes,
